picture_name,label,path
0281106_0604051424_I00045272205_1.jpg,1,1/0281106_0604051424_I00045272205_1.jpg
7803225_0703140750_I00052023718_1.jpg,0,0/7803225_0703140750_I00052023718_1.jpg
7803225_0703140750_I00052023714_1.jpg,0,0/7803225_0703140750_I00052023714_1.jpg
0118341_0512061569_I00042874895_1.jpg,0,0/0118341_0512061569_I00042874895_1.jpg
0118341_0512061569_I00042874900_1.jpg,0,0/0118341_0512061569_I00042874900_1.jpg
7256531_0709271027_I00056184218_1.jpg,1,1/7256531_0709271027_I00056184218_1.jpg
7803225_0701240715_I00051177426_1.jpg,0,0/7803225_0701240715_I00051177426_1.jpg
3227982_0803292103_I00060058917_1.jpg,0,0/3227982_0803292103_I00060058917_1.jpg
8174386_0206200973_I00021078265.jpg,1,1/8174386_0206200973_I00021078265.jpg
0945091_0707210724_I00054748310_1.jpg,1,1/0945091_0707210724_I00054748310_1.jpg
9178519_0308210687_I00027994846.jpg,1,1/9178519_0308210687_I00027994846.jpg
0009911_0804032249_I00060161228_1.jpg,1,1/0009911_0804032249_I00060161228_1.jpg
8794952_0202130296_I00019247230.jpg,1,1/8794952_0202130296_I00019247230.jpg
1174657_0801090752_I00058416798_1.jpg,1,1/1174657_0801090752_I00058416798_1.jpg
1500373_0812041688_I00065497681_1.jpg,1,1/1500373_0812041688_I00065497681_1.jpg
8794952_0202130296_I00019247233.jpg,1,1/8794952_0202130296_I00019247233.jpg
0208952_0603300639_I00045164833_1.jpg,0,0/0208952_0603300639_I00045164833_1.jpg
8937841_0210210924_I00022930186.jpg,1,1/8937841_0210210924_I00022930186.jpg
4506210_0505181221_I00039025802_1.jpg,1,1/4506210_0505181221_I00039025802_1.jpg
0009911_0804032249_I00060161230_1.jpg,1,1/0009911_0804032249_I00060161230_1.jpg
7803225_0703140750_I00052023715_1.jpg,0,0/7803225_0703140750_I00052023715_1.jpg
1290494_0906040570_I00069180489_1.jpg,0,0/1290494_0906040570_I00069180489_1.jpg
7803225_0703140750_I00052023717_1.jpg,0,0/7803225_0703140750_I00052023717_1.jpg
4595198_0512120848_I00042975880_1.jpg,0,0/4595198_0512120848_I00042975880_1.jpg
9419533_0403161233_I00031313137.jpg,1,1/9419533_0403161233_I00031313137.jpg
7186639_0406121431_I00032906330.jpg,1,1/7186639_0406121431_I00032906330.jpg
0208952_0602130355_I00044189821_1.jpg,0,0/0208952_0602130355_I00044189821_1.jpg
9419533_0403161233_I00031313140.jpg,1,1/9419533_0403161233_I00031313140.jpg
7847033_0307141811_I00027372784.jpg,1,1/7847033_0307141811_I00027372784.jpg
9367245_0401160438_I00030410481.jpg,1,1/9367245_0401160438_I00030410481.jpg
0945091_0707210724_I00054748308_1.jpg,1,1/0945091_0707210724_I00054748308_1.jpg
8937841_0210210924_I00022930187.jpg,1,1/8937841_0210210924_I00022930187.jpg
1664418_0903090492_I00067523219_1.jpg,1,1/1664418_0903090492_I00067523219_1.jpg
0945091_0707210724_I00054748307_1.jpg,1,1/0945091_0707210724_I00054748307_1.jpg
0475311_0810211420_I00064468876_1.jpg,0,0/0475311_0810211420_I00064468876_1.jpg
0945091_0707210724_I00054748314_1.jpg,1,1/0945091_0707210724_I00054748314_1.jpg
0045289_0510172120_I00041884860_1.jpg,1,1/0045289_0510172120_I00041884860_1.jpg
0118341_0512061569_I00042874890_1.jpg,0,0/0118341_0512061569_I00042874890_1.jpg
7961601_0512071474_I00042902873_1.jpg,1,1/7961601_0512071474_I00042902873_1.jpg
7961601_0512071474_I00042902873_3.jpg,1,1/7961601_0512071474_I00042902873_3.jpg
0662869_0705021820_I00053013130_1.jpg,1,1/0662869_0705021820_I00053013130_1.jpg
9367245_0403190514_I00031366582.jpg,1,1/9367245_0403190514_I00031366582.jpg
1500373_0812041688_I00065497682_3.jpg,1,1/1500373_0812041688_I00065497682_3.jpg
0208952_0602130355_I00044189822_1.jpg,0,0/0208952_0602130355_I00044189822_1.jpg
6426599_0904300567_I00068462589_1.jpg,0,0/6426599_0904300567_I00068462589_1.jpg
2363589_0408051107_I00033875284.jpg,1,1/2363589_0408051107_I00033875284.jpg
0945091_0707210724_I00054748312_1.jpg,0,0/0945091_0707210724_I00054748312_1.jpg
0945091_0707210724_I00054748299_1.jpg,0,0/0945091_0707210724_I00054748299_1.jpg
0547606_0704090615_I00052501406_1.jpg,0,0/0547606_0704090615_I00052501406_1.jpg
0208952_0602130355_I00044189823_1.jpg,1,1/0208952_0602130355_I00044189823_1.jpg
0522327_0307100979_I00027302652.jpg,1,1/0522327_0307100979_I00027302652.jpg
7803225_0704110762_I00052553049_1.jpg,0,0/7803225_0704110762_I00052553049_1.jpg
7803225_0703140750_I00052023716_1.jpg,0,0/7803225_0703140750_I00052023716_1.jpg
9419434_0403161260_I00031311788.jpg,1,1/9419434_0403161260_I00031311788.jpg
0118341_0512061569_I00042874891_1.jpg,0,0/0118341_0512061569_I00042874891_1.jpg
1290494_0905070344_I00068593905_1.jpg,0,0/1290494_0905070344_I00068593905_1.jpg
0118341_0512061569_I00042874893_1.jpg,0,0/0118341_0512061569_I00042874893_1.jpg
0945091_0707210724_I00054748304_1.jpg,0,0/0945091_0707210724_I00054748304_1.jpg
7186639_0406121431_I00032906050.jpg,1,1/7186639_0406121431_I00032906050.jpg
8987052_0212120506_I00023851971.jpg,1,1/8987052_0212120506_I00023851971.jpg
1290494_0905070344_I00068593907_1.jpg,0,0/1290494_0905070344_I00068593907_1.jpg
0045289_0510172120_I00041884859_1.jpg,0,0/0045289_0510172120_I00041884859_1.jpg
4595198_0601230477_I00043828682_1.jpg,0,0/4595198_0601230477_I00043828682_1.jpg
4595198_0512120848_I00042980658_1.jpg,0,0/4595198_0512120848_I00042980658_1.jpg
0945091_0707210724_I00054748303_1.jpg,0,0/0945091_0707210724_I00054748303_1.jpg
8820666_0303060655_I00025154607.jpg,1,1/8820666_0303060655_I00025154607.jpg
0945091_0708310392_I00055621544_1.jpg,0,0/0945091_0708310392_I00055621544_1.jpg
0009911_0804032249_I00060161231_1.jpg,0,0/0009911_0804032249_I00060161231_1.jpg
9367245_0402041009_I00030736211.jpg,1,1/9367245_0402041009_I00030736211.jpg
7803225_0701240715_I00051177424_1.jpg,0,0/7803225_0701240715_I00051177424_1.jpg
6166666_0405290920_I00032629751.jpg,1,1/6166666_0405290920_I00032629751.jpg
0945091_0707210724_I00054748313_1.jpg,0,0/0945091_0707210724_I00054748313_1.jpg
4595198_0601230477_I00043828684_1.jpg,0,0/4595198_0601230477_I00043828684_1.jpg
4595198_0602200813_I00044336809_1.jpg,1,1/4595198_0602200813_I00044336809_1.jpg
1290494_0905070344_I00068593906_1.jpg,0,0/1290494_0905070344_I00068593906_1.jpg
0945091_0708310392_I00055621545_1.jpg,0,0/0945091_0708310392_I00055621545_1.jpg
0945091_0707210724_I00054748315_1.jpg,0,0/0945091_0707210724_I00054748315_1.jpg
0118341_0512061569_I00042874896_1.jpg,0,0/0118341_0512061569_I00042874896_1.jpg
1174657_0801090752_I00058416791_1.jpg,0,0/1174657_0801090752_I00058416791_1.jpg
0118341_0512061569_I00042874897_1.jpg,0,0/0118341_0512061569_I00042874897_1.jpg
0945091_0707210724_I00054748300_1.jpg,0,0/0945091_0707210724_I00054748300_1.jpg
0945091_0707210724_I00054748306_1.jpg,0,0/0945091_0707210724_I00054748306_1.jpg
6426599_0904300567_I00068462588_1.jpg,0,0/6426599_0904300567_I00068462588_1.jpg
6166666_0405290920_I00032629747.jpg,1,1/6166666_0405290920_I00032629747.jpg
9367245_0402110904_I00030849679.jpg,1,1/9367245_0402110904_I00030849679.jpg
9570278_0711210253_I00057349290_1.jpg,0,0/9570278_0711210253_I00057349290_1.jpg
9507841_0406081090_I00032801471.jpg,1,1/9507841_0406081090_I00032801471.jpg
0662869_0705021820_I00053013131_1.jpg,1,1/0662869_0705021820_I00053013131_1.jpg
4506210_0505181221_I00039025804_1.jpg,1,1/4506210_0505181221_I00039025804_1.jpg
0945091_0707210724_I00054748305_1.jpg,0,0/0945091_0707210724_I00054748305_1.jpg
4711702_0412141971_I00036162336.jpg,1,1/4711702_0412141971_I00036162336.jpg
7256531_0707161130_I00054609435_1.jpg,1,1/7256531_0707161130_I00054609435_1.jpg
0945091_0707210724_I00054748309_1.jpg,1,1/0945091_0707210724_I00054748309_1.jpg
1262279_0204180543_I00020115580.jpg,1,1/1262279_0204180543_I00020115580.jpg
0208952_0602130355_I00044189820_1.jpg,1,1/0208952_0602130355_I00044189820_1.jpg
4595198_0601230477_I00043828687_1.jpg,0,0/4595198_0601230477_I00043828687_1.jpg
9178519_0308210687_I00027994847.jpg,1,1/9178519_0308210687_I00027994847.jpg
0945091_0708310392_I00055621547_1.jpg,1,1/0945091_0708310392_I00055621547_1.jpg
0118341_0512061569_I00042874894_1.jpg,0,0/0118341_0512061569_I00042874894_1.jpg
9367245_0403190514_I00031366585.jpg,1,1/9367245_0403190514_I00031366585.jpg
1495889_0810211456_I00064471949_1.jpg,0,0/1495889_0810211456_I00064471949_1.jpg
0475311_0810211420_I00064468877_1.jpg,0,0/0475311_0810211420_I00064468877_1.jpg
7777066_0408100734_I00033945178.jpg,1,1/7777066_0408100734_I00033945178.jpg
0822231_0705100371_I00053173328_1.jpg,1,1/0822231_0705100371_I00053173328_1.jpg
0208952_0603300639_I00045164832_1.jpg,0,0/0208952_0603300639_I00045164832_1.jpg
7961601_0512071474_I00042902874_2.jpg,1,1/7961601_0512071474_I00042902874_2.jpg
4595198_0601230477_I00043828685_1.jpg,0,0/4595198_0601230477_I00043828685_1.jpg
9093999_0606220659_I00046884550_1.jpg,0,0/9093999_0606220659_I00046884550_1.jpg
9093999_0606220659_I00046884548_1.jpg,1,1/9093999_0606220659_I00046884548_1.jpg
1290494_0905070344_I00068593908_1.jpg,0,0/1290494_0905070344_I00068593908_1.jpg
9419434_0403161260_I00031311783.jpg,1,1/9419434_0403161260_I00031311783.jpg
7803225_0701240715_I00051177429_1.jpg,0,0/7803225_0701240715_I00051177429_1.jpg
4595198_0512120848_I00042980659_1.jpg,0,0/4595198_0512120848_I00042980659_1.jpg
1500373_0812041688_I00065497682_1.jpg,1,1/1500373_0812041688_I00065497682_1.jpg
9178519_0306240966_I00027032096.jpg,1,1/9178519_0306240966_I00027032096.jpg
7803225_0701240715_I00051177425_1.jpg,0,0/7803225_0701240715_I00051177425_1.jpg
1174657_0801090752_I00058416795_1.jpg,0,0/1174657_0801090752_I00058416795_1.jpg
1500373_0812041688_I00065497682_2.jpg,1,1/1500373_0812041688_I00065497682_2.jpg
4595198_0602200813_I00044336810_1.jpg,0,0/4595198_0602200813_I00044336810_1.jpg
1113663_0801100856_I00058441293_1.jpg,1,1/1113663_0801100856_I00058441293_1.jpg
0945091_0707210724_I00054748311_1.jpg,1,1/0945091_0707210724_I00054748311_1.jpg
9419434_0403161260_I00031311786.jpg,1,1/9419434_0403161260_I00031311786.jpg
9570278_0709120374_I00055857760_1.jpg,1,1/9570278_0709120374_I00055857760_1.jpg
1174657_0801090752_I00058416804_1.jpg,0,0/1174657_0801090752_I00058416804_1.jpg
7803225_0704110762_I00052553051_1.jpg,0,0/7803225_0704110762_I00052553051_1.jpg
9419533_0403161233_I00031313134.jpg,1,1/9419533_0403161233_I00031313134.jpg
7847033_0307141811_I00027372782.jpg,1,1/7847033_0307141811_I00027372782.jpg
7803225_0701240715_I00051177427_1.jpg,0,0/7803225_0701240715_I00051177427_1.jpg
9367245_0401160438_I00030410482.jpg,1,1/9367245_0401160438_I00030410482.jpg
1174657_0801090752_I00058416803_1.jpg,0,0/1174657_0801090752_I00058416803_1.jpg
3227982_0803292103_I00060058914_1.jpg,1,1/3227982_0803292103_I00060058914_1.jpg
3227982_0803292103_I00060058921_1.jpg,0,0/3227982_0803292103_I00060058921_1.jpg
0662869_0705021820_I00053013129_1.jpg,1,1/0662869_0705021820_I00053013129_1.jpg
1174657_0801090752_I00058416802_1.jpg,0,0/1174657_0801090752_I00058416802_1.jpg
9570278_0711210253_I00057349289_1.jpg,0,0/9570278_0711210253_I00057349289_1.jpg
1174657_0801090752_I00058416797_1.jpg,0,0/1174657_0801090752_I00058416797_1.jpg
9570278_0709120374_I00055857759_1.jpg,0,0/9570278_0709120374_I00055857759_1.jpg
8917398_0207241239_I00021556351.jpg,1,1/8917398_0207241239_I00021556351.jpg
1495889_0810211456_I00064471950_1.jpg,0,0/1495889_0810211456_I00064471950_1.jpg
9377773_0401281005_I00030617579.jpg,1,1/9377773_0401281005_I00030617579.jpg
9570278_0711210253_I00057349288_1.jpg,0,0/9570278_0711210253_I00057349288_1.jpg
4595198_0512120848_I00042975881_1.jpg,1,1/4595198_0512120848_I00042975881_1.jpg
1174657_0801090752_I00058416794_1.jpg,1,1/1174657_0801090752_I00058416794_1.jpg
0945091_0708310392_I00055621548_1.jpg,1,1/0945091_0708310392_I00055621548_1.jpg
9570278_0711210253_I00057349287_1.jpg,0,0/9570278_0711210253_I00057349287_1.jpg
7961601_0512071474_I00042902874_3.jpg,1,1/7961601_0512071474_I00042902874_3.jpg
4595198_0512211049_I00043185102_1.jpg,0,0/4595198_0512211049_I00043185102_1.jpg
0511908_0803211339_I00059859598_1.jpg,1,1/0511908_0803211339_I00059859598_1.jpg
7803225_0701240715_I00051177423_1.jpg,0,0/7803225_0701240715_I00051177423_1.jpg
0522327_0306140693_I00026866760.jpg,1,1/0522327_0306140693_I00026866760.jpg
1500373_0811182440_I00065114793_1.jpg,1,1/1500373_0811182440_I00065114793_1.jpg
0945091_0707210724_I00054748302_1.jpg,0,0/0945091_0707210724_I00054748302_1.jpg
2363589_0407221101_I00033618534.jpg,1,1/2363589_0407221101_I00033618534.jpg
1500373_0811182440_I00065114794_1.jpg,1,1/1500373_0811182440_I00065114794_1.jpg
3227982_0803292103_I00060058918_1.jpg,0,0/3227982_0803292103_I00060058918_1.jpg
9367245_0401160438_I00030410480.jpg,1,1/9367245_0401160438_I00030410480.jpg
0118341_0512061569_I00042874892_1.jpg,0,0/0118341_0512061569_I00042874892_1.jpg
7803225_0701240715_I00051177430_1.jpg,0,0/7803225_0701240715_I00051177430_1.jpg
0118341_0512061569_I00042874889_1.jpg,0,0/0118341_0512061569_I00042874889_1.jpg
9178519_0306240966_I00027032099.jpg,1,1/9178519_0306240966_I00027032099.jpg
9377773_0401281005_I00030617578.jpg,1,1/9377773_0401281005_I00030617578.jpg
0153694_0609200875_I00048744410_1.jpg,1,1/0153694_0609200875_I00048744410_1.jpg
3227982_0803292103_I00060058922_1.jpg,1,1/3227982_0803292103_I00060058922_1.jpg
9507841_0406081090_I00032801469.jpg,1,1/9507841_0406081090_I00032801469.jpg
8174386_0206200973_I00021078264.jpg,1,1/8174386_0206200973_I00021078264.jpg
8702765_0703121563_I00051982783_1.jpg,0,0/8702765_0703121563_I00051982783_1.jpg
0522327_0307100979_I00027302653.jpg,1,1/0522327_0307100979_I00027302653.jpg
0945091_0707210724_I00054748301_1.jpg,0,0/0945091_0707210724_I00054748301_1.jpg
7961601_0512071474_I00042902874_1.jpg,1,1/7961601_0512071474_I00042902874_1.jpg
8987052_0210180703_I00022896283_3.jpg,1,1/8987052_0210180703_I00022896283_3.jpg
9093999_0605080558_I00045942018_1.jpg,0,0/9093999_0605080558_I00045942018_1.jpg
7803225_0704110762_I00052553052_1.jpg,0,0/7803225_0704110762_I00052553052_1.jpg
0118341_0512061569_I00042874899_1.jpg,0,0/0118341_0512061569_I00042874899_1.jpg
7833777_0210091045_I00022761557.jpg,1,1/7833777_0210091045_I00022761557.jpg
3227982_0803292103_I00060058919_1.jpg,1,1/3227982_0803292103_I00060058919_1.jpg
9178519_0306240966_I00027032098.jpg,1,1/9178519_0306240966_I00027032098.jpg
0009911_0804032249_I00060161232_1.jpg,0,0/0009911_0804032249_I00060161232_1.jpg
9570278_0709120374_I00055857763_1.jpg,1,1/9570278_0709120374_I00055857763_1.jpg
9093999_0606220659_I00046884549_1.jpg,1,1/9093999_0606220659_I00046884549_1.jpg
4595198_0512211049_I00043185103_1.jpg,0,0/4595198_0512211049_I00043185103_1.jpg
0009911_0804032249_I00060161227_1.jpg,0,0/0009911_0804032249_I00060161227_1.jpg
9570278_0709120374_I00055857762_1.jpg,0,0/9570278_0709120374_I00055857762_1.jpg
8987052_0210180703_I00022896283_2.jpg,1,1/8987052_0210180703_I00022896283_2.jpg
7256531_0709271027_I00056184216_1.jpg,1,1/7256531_0709271027_I00056184216_1.jpg
1174657_0801090752_I00058416801_1.jpg,0,0/1174657_0801090752_I00058416801_1.jpg
7803225_0704110762_I00052553050_1.jpg,0,0/7803225_0704110762_I00052553050_1.jpg
3227982_0803292103_I00060058913_1.jpg,1,1/3227982_0803292103_I00060058913_1.jpg
4595198_0602200813_I00044336808_1.jpg,0,0/4595198_0602200813_I00044336808_1.jpg
0945091_0708310392_I00055621546_1.jpg,1,1/0945091_0708310392_I00055621546_1.jpg
7256531_0709271027_I00056184219_1.jpg,0,0/7256531_0709271027_I00056184219_1.jpg
4595198_0602200813_I00044336807_1.jpg,0,0/4595198_0602200813_I00044336807_1.jpg
8888903_0206171254_I00021014706.jpg,1,1/8888903_0206171254_I00021014706.jpg
7803225_0703140750_I00052023719_1.jpg,0,0/7803225_0703140750_I00052023719_1.jpg
8987052_0301020617_I00024182422.jpg,1,1/8987052_0301020617_I00024182422.jpg
2363589_0407221101_I00033618533.jpg,1,1/2363589_0407221101_I00033618533.jpg
0118341_0512061569_I00042874898_1.jpg,0,0/0118341_0512061569_I00042874898_1.jpg
9449639_0405040499_I00032170870.jpg,1,1/9449639_0405040499_I00032170870.jpg
7803225_0701240715_I00051177431_1.jpg,0,0/7803225_0701240715_I00051177431_1.jpg
